{
  "id": "",
  "name": "",
  "font_family": "iconfont",
  "css_prefix_text": "icon-",
  "description": "",
  "glyphs": [
    {
      "icon_id": "4972287",
      "name": "评论",
      "font_class": "pinglun",
      "unicode": "e7f5",
      "unicode_decimal": 59381
    },
    {
      "icon_id": "5767876",
      "name": "消息通知",
      "font_class": "xiaoxitongzhi",
      "unicode": "ec35",
      "unicode_decimal": 60469
    },
    {
      "icon_id": "7116480",
      "name": "收藏",
      "font_class": "shoucang",
      "unicode": "e605",
      "unicode_decimal": 58885
    },
    {
      "icon_id": "10199162",
      "name": "历史记录",
      "font_class": "lishijilu",
      "unicode": "e612",
      "unicode_decimal": 58898
    },
    {
      "icon_id": "10510042",
      "name": "二维码",
      "font_class": "erweima",
      "unicode": "e606",
      "unicode_decimal": 58886
    },
    {
      "icon_id": "10937697",
      "name": "赞",
      "font_class": "good",
      "unicode": "e62a",
      "unicode_decimal": 58922
    },
    {
      "icon_id": "11372687",
      "name": "评论",
      "font_class": "pinglun1",
      "unicode": "e8b4",
      "unicode_decimal": 59572
    }
  ]
}
